<?xml version="1.0" encoding="UTF-8"?>
<project-private xmlns="http://www.netbeans.org/ns/project-private/1">
    <editor-bookmarks xmlns="http://www.netbeans.org/ns/editor-bookmarks/2" lastBookmarkId="0"/>
    <open-files xmlns="http://www.netbeans.org/ns/projectui-open-files/2">
        <group>
            <file>file:/Users/artem/NetBeansProjects/EKZ1/src/ekz1/ArrayUtils.java</file>
            <file>file:/Users/artem/NetBeansProjects/EKZ1/src/ekz1/ArrayData.java</file>
            <file>file:/Users/artem/NetBeansProjects/EKZ1/src/ekz1/Main.java</file>
        </group>
    </open-files>
</project-private>
